File ID,File Name,Time,Group,BioReplicate
RUN001,Sample_001.raw,12,Reference,BR001
RUN002,Sample_002.raw,12,Reference,BR002
RUN003,Sample_003.raw,12,Reference,BR003
RUN004,Sample_004.raw,12,Reference,BR004
RUN005,Sample_005.raw,12,Reference,BR005
RUN006,Sample_006.raw,12,Treatment,BR006
RUN007,Sample_007.raw,12,Treatment,BR007
RUN008,Sample_008.raw,12,Treatment,BR008
RUN009,Sample_009.raw,12,Treatment,BR009
RUN010,Sample_010.raw,12,Treatment,BR010
RUN011,Sample_011.raw,24,Reference,BR011
RUN012,Sample_012.raw,24,Reference,BR012
RUN013,Sample_013.raw,24,Reference,BR013
RUN014,Sample_014.raw,24,Reference,BR014
RUN015,Sample_015.raw,24,Reference,BR015
RUN016,Sample_016.raw,24,Treatment,BR016
RUN017,Sample_017.raw,24,Treatment,BR017
RUN018,Sample_018.raw,24,Treatment,BR018
RUN019,Sample_019.raw,24,Treatment,BR019
RUN020,Sample_020.raw,24,Treatment,BR020
RUN021,Sample_021.raw,48,Reference,BR021
RUN022,Sample_022.raw,48,Reference,BR022
RUN023,Sample_023.raw,48,Reference,BR023
RUN024,Sample_024.raw,48,Reference,BR024
RUN025,Sample_025.raw,48,Reference,BR025
RUN026,Sample_026.raw,48,Treatment,BR026
RUN027,Sample_027.raw,48,Treatment,BR027
RUN028,Sample_028.raw,48,Treatment,BR028
RUN029,Sample_029.raw,48,Treatment,BR029
RUN030,Sample_030.raw,48,Treatment,BR030
RUN031,Sample_031.raw,72,Reference,BR031
RUN032,Sample_032.raw,72,Reference,BR032
RUN033,Sample_033.raw,72,Reference,BR033
RUN034,Sample_034.raw,72,Reference,BR034
RUN035,Sample_035.raw,72,Reference,BR035
RUN036,Sample_036.raw,72,Treatment,BR036
RUN037,Sample_037.raw,72,Treatment,BR037
RUN038,Sample_038.raw,72,Treatment,BR038
RUN039,Sample_039.raw,72,Treatment,BR039
RUN040,Sample_040.raw,72,Treatment,BR040
RUN041,Sample_041.raw,96,Reference,BR041
RUN042,Sample_042.raw,96,Reference,BR042
RUN043,Sample_043.raw,96,Reference,BR043
RUN044,Sample_044.raw,96,Reference,BR044
RUN045,Sample_045.raw,96,Reference,BR045
RUN046,Sample_046.raw,96,Treatment,BR046
RUN047,Sample_047.raw,96,Treatment,BR047
RUN048,Sample_048.raw,96,Treatment,BR048
RUN049,Sample_049.raw,96,Treatment,BR049
RUN050,Sample_050.raw,96,Treatment,BR050
RUN051,Sample_051.raw,120,Reference,BR051
RUN052,Sample_052.raw,120,Reference,BR052
RUN053,Sample_053.raw,120,Reference,BR053
RUN054,Sample_054.raw,120,Reference,BR054
RUN055,Sample_055.raw,120,Reference,BR055
RUN056,Sample_056.raw,120,Treatment,BR056
RUN057,Sample_057.raw,120,Treatment,BR057
RUN058,Sample_058.raw,120,Treatment,BR058
RUN059,Sample_059.raw,120,Treatment,BR059
RUN060,Sample_060.raw,120,Treatment,BR060
