ContrastType	Label	Condition	Weight
pairwise	Treatment_vs_Reference_12h	12h_Treatment	1
pairwise	Treatment_vs_Reference_12h	12h_Reference	-1
pairwise	Treatment_vs_Reference_24h	24h_Treatment	1
pairwise	Treatment_vs_Reference_24h	24h_Reference	-1
pairwise	Treatment_vs_Reference_48h	48h_Treatment	1
pairwise	Treatment_vs_Reference_48h	48h_Reference	-1
pairwise	Treatment_vs_Reference_72h	72h_Treatment	1
pairwise	Treatment_vs_Reference_72h	72h_Reference	-1
pairwise	Treatment_vs_Reference_96h	96h_Treatment	1
pairwise	Treatment_vs_Reference_96h	96h_Reference	-1
pairwise	Treatment_vs_Reference_120h	120h_Treatment	1
pairwise	Treatment_vs_Reference_120h	120h_Reference	-1
